{
    "what": [
        0.5714285714285714,
        0.40217391304347827,
        0.375,
        0.35106382978723405,
        0.2765957446808511,
        0.16666666666666666
    ],
    "is": [
        0.25,
        0.20652173913043478,
        0.36363636363636365,
        0.35106382978723405,
        0.2765957446808511,
        0.39285714285714285
    ],
    "where": [
        0.023809523809523808,
        0.1956521739130435,
        0.06818181818181818,
        0.07446808510638298,
        0.26595744680851063,
        0.15476190476190477
    ],
    "how": [
        0.14285714285714285,
        0.03260869565217391,
        0.07954545454545454,
        0.05319148936170213,
        0.14893617021276595,
        0.047619047619047616
    ],
    "why": [
        0.0,
        0.13043478260869565,
        0.10227272727272728,
        0.0851063829787234,
        0.02127659574468085,
        0.10714285714285714
    ],
    "who": [
        0.011904761904761904,
        0.03260869565217391,
        0.011363636363636364,
        0.0851063829787234,
        0.010638297872340425,
        0.13095238095238096
    ]
}