{"what": [0.10495626822157438, 0.14373535999013726, 0.146484375, 0.14783935158876163, 0.14474634714851234, 0.11574074074074076], "is": [0.140625, 0.13002768759760006, 0.14725770097670923, 0.14783935158876163, 0.14474634714851234, 0.1448159620991254], "where": [0.0226892344239283, 0.12658214843428947, 0.059201258452291516, 0.06379005615326083, 0.1433027845467767, 0.11056615106360004], "how": [0.10495626822157438, 0.030516715295471352, 0.06739381808790383, 0.04768331679878254, 0.10787590418308081, 0.0431918799265738], "why": [0.0, 0.09862743486479822, 0.08242304892937641, 0.07123662386947015, 0.020380840468874912, 0.08541362973760933], "who": [0.011623002375553396, 0.030516715295471352, 0.011106839312546957, 0.07123662386947015, 0.010413155081244041, 0.09890096911780587]}